{
  "64": {
    "img_size": 64,
    "betas": [
      1.0,
      2.0,
      4.0,
      8.0
    ],
    "mig_by_beta": {
      "1.0": [
        0.08420027848656865,
        0.01263677538169316
      ],
      "2.0": [
        0.07115710813251198,
        0.01396611496807019
      ],
      "4.0": [
        0.09486366490579974,
        0.0035859448712800245
      ],
      "8.0": [
        0.09528843571376583,
        0.012977041116098017
      ]
    },
    "recon_by_beta": {
      "1.0": [
        0.004321206728617351,
        1.193682342192082e-05
      ],
      "2.0": [
        0.004863517911345871,
        1.602894903589149e-05
      ],
      "4.0": [
        0.005709248648749457,
        2.0770990643091206e-05
      ],
      "8.0": [
        0.00655926149862784,
        1.0568722402877636e-05
      ]
    },
    "dci_by_beta": {
      "1.0": 0.08575313975846949,
      "2.0": 0.08986830103778377,
      "4.0": 0.09487270760548111,
      "8.0": 0.10060929618755465
    },
    "H1": {
      "spearman": 0.45342519294190703,
      "p": 0.06937653810565081,
      "p_holm": 0.06937653810565081,
      "reject": false
    },
    "H2": {
      "spearman": 0.9716254134469436,
      "p": 6.905869483787293e-08,
      "p_holm": 2.071760845136188e-07,
      "reject": true
    },
    "H3": {
      "best_beta": 8.0,
      "best_mig": 0.09528843571376583,
      "pca_mig": 0.04297336868724112,
      "p": 0.014707529605101846,
      "p_holm": 0.02941505921020369,
      "reject": true
    }
  },
  "128": {
    "img_size": 128,
    "betas": [
      1.0,
      2.0,
      4.0,
      8.0
    ],
    "mig_by_beta": {
      "1.0": [
        0.09213741849676262,
        0.02949270951830872
      ],
      "2.0": [
        0.10218142075383646,
        0.018205886680554933
      ],
      "4.0": [
        0.08952076552520598,
        0.01743436007377058
      ],
      "8.0": [
        0.1033822373057532,
        0.0038919758572748616
      ]
    },
    "recon_by_beta": {
      "1.0": [
        0.004875533315870497,
        8.869991692100596e-05
      ],
      "2.0": [
        0.004701799648779409,
        0.00016000039326353584
      ],
      "4.0": [
        0.0048494597540961375,
        0.00020507646836507754
      ],
      "8.0": [
        0.005281880767257125,
        2.2517177526443644e-05
      ]
    },
    "dci_by_beta": {
      "1.0": 0.07088027030198359,
      "2.0": 0.08011827205564157,
      "4.0": 0.10191771776118082,
      "8.0": 0.08305123038548416
    },
    "H1": {
      "spearman": -0.06477502756312958,
      "p": 0.579259433103086,
      "p_holm": 0.579259433103086,
      "reject": false
    },
    "H2": {
      "spearman": 0.4750168687962835,
      "p": 0.05931227691025972,
      "p_holm": 0.11862455382051944,
      "reject": false
    },
    "H3": {
      "best_beta": 8.0,
      "best_mig": 0.1033822373057532,
      "pca_mig": 0.04296781483327102,
      "p": 0.0010343078392119729,
      "p_holm": 0.0031029235176359186,
      "reject": true
    }
  }
}