{
  "betas": [
    1.0,
    2.0,
    4.0,
    8.0
  ],
  "bvae_mig": {
    "1.0": 0.08420027848656865,
    "2.0": 0.07115710813251198,
    "4.0": 0.09486366490579974,
    "8.0": 0.09528843571376583
  },
  "tcvae_mig": {
    "1.0": 0.08539291572735981,
    "2.0": 0.077129761931911,
    "4.0": 0.08860806366933167,
    "8.0": 0.08865076022376113
  },
  "best_bvae": {
    "beta": 8.0,
    "mig": 0.09528843571376583
  },
  "best_tcvae": {
    "beta": 8.0,
    "mig": 0.08865076022376113
  },
  "pca_mig": 0.04297336868724112,
  "t_p": 0.7248706991085591,
  "verdict": "no significant TCVAE gain"
}